Index,Series,Name,Epithets,Description,Image,ImageHash,InputHash,StaticHash
0,0,O,Genesis,-,final-sprites/accessory-inscription-cabana-smell-rostrum-down_clip_m1_OPT.gif,QmcdqxBskA13QApsi6yDMwVjCtBg9ZpU4v8tfZdoZZyq7x,QmTWXhdXKcw6RXhKPcBhWVmj12wRLvYcgrSpT1nikmBtGv,QmYeZbJASvLiNGEQQytVNeDdB7u8hNcT2cVmFwRNeBy7nj
1,0,Wökr,The Judge of Cogito,"A primordial force that founded the world. A disembodied skull surrounded by the shining light of the Sun and a halo of lightning, with an enormous force wrapped around it. It feeds off madness, and it can be thought of as the very embodiment of Chaos.",final-sprites/0x_founder_0_clip_m1_OPT.gif,QmY1E7rpjHBocXMreswmxNGiN7ZjeZGfZrWF4tZ6NU6ffy,QmfJsL7Lh2jrRqaTMxorT7qRuMuDSW7jLMb2vQuyMhHokk,QmQQEUtfeNxD7tkWAkd8grzCLDpXTjNhS9syg3hGF5ntfg
2,0,Vmew,Jqzl wn Xzwuqam,"I xzquwzlqit nwzkm bpib nwcvlml bpm ewztl. Iv mtmoivb jmqvo bpib zmamujtma i tizom jqzl, qb ammua bw ntg bpzwcop bqum. Mdmzg ntix wn qba eqvoa jzqvoa i vme xmabqtmvkm. Nqkstm, qb jzqvoa ozmib lqaiabmz, jcb pia itaw jmmv aiql bw wkkiaqwvittg ozivb twvomdqbg bw kmzbiqv jmqvoa.",final-sprites/0x_founder_1_clip_m1_OPT.gif,QmXKcSLMD4S65QUxrJbfikk9uhXTBqr4JMMDjMtUywCro3,QmdcDCzGVTo2VPwj1haCuPoop5SkC9BFroXU4aw9Hza67e,QmZJDDA6GbhbBCP8Bo1cWrxSVQnMAJAPuUhAD7UFk7Dk8j
3,0,Kali-Züi,The Amalgam,"A primordial force that founded the world. An entity that is said to be the combination of all lifeforms on Earth. It is only visible to those who have achieved completion. Legends says that it will one day bring all of the universe together in an endless twilight, where it is the sole star.",final-sprites/0x_founder_2_clip_m1_OPT.gif,QmcG4UW3N9mV4G8aJgWxwLC9DneFuH3KkdFAAHQ6em7rPW,QmenTr74f5Hn5SkJT1NTEFWSaT49F8fi2onT146UwgdshR,QmVs2MidPEYtkGudXXBna43owrjkdVTGrPVhQYWEWJ8ATy
4,0,Zaphthrot,The Devourer of Worlds,"A primordial force that founded the world. An ancient, all-powerful entity said to have been imprisoned beneath the spaces. After some time spent in the Outer Worlds, Zaphthrot began to hunger. Tracking down the Path of All-Worlds, it travelled back through the void between the stars and worlds, and it began to corrupt the Earth.",final-sprites/0x_founder_3_clip_m1_OPT.gif,QmY9Kgs4STxZHasnUeopUZD2cNrweLEEMfm9R7wbGDo6HT,QmfVgziuVbPovhQqKgW8J3DQYRieQx9PmHNSe4yUbZYT4W,Qma2cqnuu5EL4QU61otkHVXpVbD3xGVjmYAWFCbAdYZnnQ
5,1,Lubän,The Wandering Wizard,A mysterious wizard of unknown origin who has travelled the world practicing dark magic. She sometimes takes jobs for small villages as a stock removalist. She may be related to the Chthonic sorcerer Dluthos.,./final-sprites/shakedown-foot-licence-spruce-mutation-repeat_clip_m5_OPT.gif,QmYdWtgYyzhdwtaa3DduiviHyfcnhEnRkYDk3utVfGrhei,QmSXxRgxn2hevEDXDw1KPMNpBrTxGAZXAbfCsXRbKQ7FNR,QmTyj93ELrcVLqG5HTXm8a4dWd4PGcapaQN8rwr1zsSsaU
6,1,Yü-Koth,Sending of Six,"A gigantic green tortoise with a long tail and many legs. Its shell is covered in glowing stars and meteors. Every decade, it adds a new star, birthed from human souls.",./final-sprites/thirst-hesitation-point-tonic-hint-visit_norm_m1_OPT.gif,QmUU4RBgvPtAuMmye2EknzZuGPfBVLispvna4GEnogkKYX,QmYD8wuKLojhuR7VyJTBxEwFjpTFQciLU5QmKfD1k4SeVF,QmUhpBbK2Y27swxEpVNBtiqxLnEnZT6T3ESipMpnFtNUeT
7,1,Sturrosh,The Bright Oil in the Gulf,"A colossal slimy amoeba-like blob said to dwell in the Gulf of Rhot. It can emit a great cloud of yellow smoke which upon contact with the world’s oceans, hardens into a lethal obsidian which causes waves across the world to rise to great heights, destroying everything in their wake.",./final-sprites/bull-endorsement-doctorate-roller-decongestant-dealing_clip_m7_OPT.gif,Qmf7myaCTtsPaQjc7YgXefpSSYsPPz7Wd9dnyr7jT62HQS,QmPEgBRK6wGhCkKPwAw9j2Na86cp77fmjtMVfT5V4VYWpQ,QmeFmh8GyNAvys6Db5VM8Ygj9Q6ANSMGxCCpp3VTZtckjU
8,1,Iä-Ngai,Sordid Gnawer of the Moon,"A small, shining creature with unblinking eyes and a small agape mouth. It is said to come from the depths of space. Can bring luck or misfortune depending on time of day.",./final-sprites/angiosperm-presentation-alb-innovation-association-return_clip_m1_OPT.gif,QmeaKLwvWP8ncQEwsSC5Sijnpmx1RG84crqS46yyyoC3Rv,QmWuHooTjwnDZw4CS58bUWwoSUP9PMjp3vxN3Rmkc3JDU2,QmWrQ8zREcdTEhxEkVuEGMcFFTdQWEFb9p7XGXaTPL99B4
9,1,Khakh,"The World Serpent, The Father of Serpents","A colossal red serpent with multiple eyes and a slavering mouth, surrounded by numerous shadowy serpents. He is one of the ancient Gods, who has awoken twice before to begin world-ending cataclysms. He sleeps beneath the Gulf of Rhot.",./final-sprites/sideboard-vegetarianism-parameter-academics-manacle-analyst_clip_m1_OPT.gif,QmevAycLhTEVaxP3gTW8umgcqkChokf4bjGaUaTsqNJvXv,QmWhZ9rYPU7S5hkGv4gXQuqMu85Z87oWK1f3hCFK2T9fbD,QmNRYaQDKyxUKvHrGTSwYE48WgnrGfbbmjnbd31uaDz2Y1
10,1,G’yathnä,The Mistress of Doom,"A demonic entity who can appear before men and speak prophecies. She can put curses upon the minds of all who hear her voice. She is described as blue, writing mass with twin heads.",./final-sprites/hope-sunset-familiar-nightclub-jeans-exhaust_clip_m6_OPT.gif,QmQR2NzNKkLzmUBr3GnEYZhUK72gBz3XfFzEMnBZuUdWG3,QmSmxeYAQsHeV5cY75ijruASZ4HpG64SskdTLVYUzBmJUm,Qmf59dJEn8ZiPKkcMsrkQgWsrxnUpFK8UqRG4UfgsVB5er
11,1,Huacas,The Magician Who Lived Through Eternity,A mystic scholar who may be from another world entirely. He is the only Ancient God left alive in the modern world. Many of his writings have mysteriously found their ways into libraries and studies across the world.,./final-sprites/transport-phenomenon-cyclooxygenase-net-serum-clarinet_clip_m1_OPT.gif,QmZBQsLZRfHkEgQ3baCNwMU3iv7WZJ4U1AawiLvYZz1wxZ,Qmbje3tHZNXnCYz3mfzFxQ2ZzpXNYtwWRCoviLC29euWud,QmPdRcuqZVq8RP5RDcCmbVZMPm65Bc5QUnhSwrMBs9sS6x
12,1,Zhar & Lloigor,"The Blue Cat and the Red Cat, The Two Watchers","Two gigantic entities which manifest as gigantic blue and red felines, with scaled and feathered wings. Together, they are locked in an endless game; it is said that they have each gambled one half of the world.",./final-sprites/coffee-minister-vaulting-reservoir-disadvantage-spree_clip_m1_OPT.gif,QmQYREMubL5Mjjuq5i3HNfwKUnHy5rPiL9wEtt6FASEE26,QmR7VG4etp7ueP1yoFw7uaZGCLckcf4qhkbTaTK5C8Wd2E,QmWZoquKPkzsu6rM8VqmLK9cXQApNFHWKW75469NctpGfr
13,1,X’l-rho,A Downed One,"A gigantic living mass of debris, rock and ships from the endless sea which Zä-thrathe drags barges from her mind into the material world and gulps down into the endless sea.",./final-sprites/literate-receipt-weasel-frequency-caution-glove_clip_m1_OPT.gif,QmVTZNtzumHtCZ9jVVnKkFyqq4GKaoN82PEspFCxvv5fgu,QmPRDQX7GekyKsispCZKJ4cRLxwhVBN3TbWEAqMLPZvqec,QmeioACRYNypUPwkUkRbRbVVJHJgUAuPNLYH41rcqAnscc
14,1,Shudde M’ell,"Burrower Beneath, The Worm that Gnaws One's Roots","A gigantic mass of tentacles and claws, with a complex mouth-like orifice, and eyes on stalks. It is said to have been the first Great Old One to evolve on Earth, and to have burrowed deep under the planet's crust, where it will eventually destroy all life on Earth.",./final-sprites/pass-bratwurst-advancement-exterior-TV-salmon_clip_m1_OPT.gif,QmZ3QDSP1Csj3zfsKwhbBjmiMENcGnzcfDEfYD9BP5aUP9,QmRwUvuDja6Ss2NNKUnBqsJhHaDMNyW6FdzzSVG77ACcaz,QmUvfuYFNeimNDJZsJZ2JQFwPauMod6E5QmDnWGwSy69Vy
15,1,Crethagu,"She Who Wins the Struggle, The Mother of Conquerors","A 'mother' of conquest, spoken of in the deep corridors of antiquity. She has conquered innumerable kingdoms, and is said to have either fathered or given birth to a new race of conquerors every few centuries. It is not known where she currently resides, but it is always said that there is no one greater than her in all the world.",./final-sprites/a_mon_9_clip_m1_OPT.gif,QmTWBCEj8Wurc2WGfgZwBYFPfr2FEBkCA9KwTcJV9UEpSB,QmcTZRpjWd9b4FkPSR5bGwx3r5cko9jqks5H5b81rjCjLp,QmNV5vCRac6wHod2bkRvwwtMEiLxFyWenBPYjaDR3MzsfD
16,1,Unsca Norna,"The Pilgrim, The One Who Dreams","A powerful wizard who had once vainly attempted to breach the gulf of Rhot in order to slay Zhar and Lloigor, and save the world from destruction. He was killed by his partner Pa'ch, but achieved his goal by lopping off Dluthos's head before his final battle, and mutilating the body of the World Dragon with his sword.",./final-sprites/b_mon_6_clip_m1_OPT.gif,QmPaDaVvNCpVakcvrp5L4iMU2RiTUm3GHkzCZTdAfJ5Zgh,QmV3Pbskd7D4DPmseyojXo4E8uzm6rbiPASh6b2TpU38n4,QmUjt5FoeqtM3sq8cYf12m5oSBnjmkd5FJtP2ndJDmiYPm
17,1,Phvithvre,The Protector of the Gates of the Flesh,"A monstrous entity which has the power of sealing and opening the gates of the flesh, keeping the living and the dead apart. Said to have manifested its avatars in much larger numbers around Xavala than in any other city.",./final-sprites/b_mon_11_clip_m1_OPT.gif,QmerrxMeZjLUcDcxdRWCg1pJxmjg8uByAKBsPwczyVEZhX,QmWYFJDqDuDrKikgAJj45Mr5gQ37dPywK6D5giFerT3oVG,QmbKLsZqQD3pgL7G6g34fYjRiioEhVPMwUpM3jU8wKi5kr
18,1,Yorae,The Mystery That Walks,"A scarlet, shifting humanoid that always looks to be made of smoke and haze, with a single, glowing eye. It is always seen carrying an oversized scythe adorned with frantic whispers.",./final-sprites/b_mon_21_clip_m1_OPT.gif,QmfKTiMKAoDRv3Ljcz5KkaBYzagtcyTUCEVLvanF6VZNi3,QmavyWUXwnpvgMHad2pXkALe1WHq9pJatFkqW67p7Nv5Jm,QmYTJmRN8pPuM6Nnpc7SzMmwc941GKWYjFSqLCmq1ic4e2
19,1,Ydheut,"The Intruder in the Throne Room,","A being of pure fire who cannot be destroyed. Ydheut has no gender, but it can replace the heart of any living thing with its own essence, killing the host and destroying their memories.",./final-sprites/claw-turban-TV-pheromone-palace-tandem_clip_m1_OPT.gif,QmPSxtyz6dZn4uvs77v2NJLALUBSaTDpCps5R8AZHXohCs,QmSwu6wHHHu8DYXZB9HXRpc2mnrAUYFQbbLHmzMgxxEKZq,QmeYZvxudT7nmVjDTnusn3ea8bLvqQ9quFWJ1qSDRN6dp3
20,1,Pa'ch,"God of Kings, The Shining Lord","An important God much worshiped by the Q’ero. He is the father of Ntánu Uryayar and a brother to three other Gods which were cast out of the realm of the Gods. His powers include healing and protection, and he has dominion over the land, the sea, the sky and death.",./final-sprites/porcupine-gold-administrator-diffuse-preparation-reluctance_norm_m1_OPT.gif,Qmd3GjPy8hzrrD87AakRRgJnTEsSmkPaUotRYJPYneUW7q,QmQJitWq2HjuBsrfm5W4zzsAowe5agM2pbeDg5a43Fh2cv,QmdUzxcW9aczH4P2urk4Vz5jitP46teBqVPTXTjWUCZ34V
21,1,Waärza,The Hidden Flower,"A gigantic entity with the appearance of an enormous, open flower. It is surrounded by smaller flowers which are in reality horrid monsters, and its pollen causes humans to become terrified. Those struck by it are turned into vines.",./final-sprites/rhubarb-gallon-maracas-scow-speaking-proportion_norm_m5_OPT.gif,QmfEd2aLYrLRtTbg5omCJqh4fhsBwHpSpMvg3YgSR5WV38,QmPCGrxrJ77VRzCMpmgFszFx9Ky2FXhHrNKtv8kfBA276Y,QmTtCSv1gtSUK9MAq2UG5y3iepDmJuYFHAKVYuhX5QeC4r
22,1,Chhnghu,The Unfortunate Prince,"An undead entity of unknown origin. It is said to have once been a prince who was murdered by a king seeking to consolidate power over his courtiers. The assembled souls of the royal court, in turn, cursed him. In death, he is doomed to walk the Earth until his soul departs his lifeless shell.",./final-sprites/major-league-warren-mailing-fourths-dill-trailpatrol_norm_m5_OPT.gif,QmVbW25cSjo2GREuRynvfujdYKqjZZhmSpjrNRctfveDev,QmeenofHLBmbPDvh6bf9pDwXXtuerGunDLYRjpurmV3qt2,QmRkYueKzSsnaggs31brcurxMnHYWEp1BjzSXKEUm2y4qU
23,1,Shi-Yvgaa,God of the Lightning Struck Tower,A being resembling a floating fish. Storms gather on its scales. Said to have had a tower constructed in its image on a small island.,./final-sprites/genetics-arithmetic-mall-subsidiary-variability-mess_clip_m1_OPT.gif,QmYgCbLhDCS2d9sER1A38PN5ReAhfEdDGq8UJbquhimBZW,QmSR9pWx9wHaD4tTyJrjGYrYkYwvBcBYieGqnhzwEJfHo1,QmZB7kHDcthBy4SszDmT2r3jvdkbcG9t4TfgShfn39t62x
24,1,Ximayya Xan,Mother of Camels,"A gigantic maroon camel. She is one of the greatest symbols of divinity, and the great-great-great-grandmother of all camels. It is believed that Apachita sent her as a sign of her favor, and that Ximayya Xan is a reflection of Apachita's true form.",./final-sprites/hazel-reveal-marten-hybridization-jealousy-mechanism_norm_m1_OPT.gif,QmUPnrxhPuBunudK5dubckhEocPpbfXvVcEiVvzMHPjiqP,QmXpXZWi7PQdZuYg1aBr8oDbgaVmSXY2D1rRDnjQ8Ax5zK,QmRWnQfhkUG7HwWBcpawjkXQ6D4szgj716ghErh4Lta8HN
25,1,l'Totoxl,The Speaker in Images,"A tyrannical, murderous priest-king who rules unopposed over Tihuanaco. He is said to possess magical abilities which grant him the power to commune with the dead and to project himself magically into other locations.",./final-sprites/prairie-quiver-cub-banyan-technology-storm_norm_m1_OPT.gif,QmWDDHe6GFYGscpUiryMxNWs49SksQWibK2b4sxXYoHpRx,Qmc3DYKkQX9tXfy4c5qzc6KKKSUYu1iEwZRNkZpgXRNTsR,Qmby5AM6vGvXcRBRN6Hn6bgtdQ97JBszNkGZ5A4hQEwwGg
26,1,Wakan,The Spirit That Watches Over the World,"A spirit said to watch over the world with indifference, from the highest mountain in the world, Mount Meru. It is depicted as a golem-like entity with an immense, vine-like body.",./final-sprites/bookmark-tackle-deformation-tornado-conception-fibrosis_clip_m6_OPT.gif,QmYyJbVi9XTfmqPbSqGVeRQFJNQg7cDbZXZu5FieZKQdBh,QmVQ1VjppWsuspouBKNB73Wk1K1U273zVAwJPuW8aEKK9N,QmPxegvoUWowcy2DqFGCMvWau2t7QhAbSBjs96ugjqoigH
27,1,Ythogtha,"The Thing in the Lake, The Bloated One, He Who Bloats","A huge, slimy, white being with writhing appendages. It is said to dwell within a lake in the Himalayas. The only known way of killing it is to strike it with a musical instrument made from a human spine.",./final-sprites/baritone-member-historian-causal-stimulation-mouser_norm_m1_OPT.gif,QmXF6vaFA3VcMK6E9RFpzhGfcDiMPqk12piJAYLuZjjUbG,QmSR9pWx9wHaD4tTyJrjGYrYkYwvBcBYieGqnhzwEJfHo1,QmQbZ6NWCCuZEYPFKszdQ3KUQdiKBkXUBpAmnMtpt1AfNK
28,1,Ub-ji,Lord of the Empty Sky,"Appears as an enormous, floating sphere of ghostly energy with glowing green eyes and a ghoulish face. She is an inscrutable god of death and magic, and those who dare raise a hand against her shall have their lives stolen from them.",./final-sprites/cathedral-breath-residue-possible-forebear-diaphragm_clip_m1_OPT.gif,QmQtsrDiZLz5tiCUmuQPjPqf6PeQANeABkoFC7MVL89eFU,Qmb3ZVTSX4bHR7WaRVeupnnnZ9wvov9HHA4zdpZVL8hcyi,QmXm5Nx1D1tya6xdLrkLCLGDBNh7vTmtUnY7NEScnCSQMj
29,1,Shuai’cha,The One that is Swallowed in Wrath,"A compressed entity of pure anger, destruction, and malice. He is thought to have been expelled from the realm of the gods in a fit of rage, and his only goal now is to destroy the heavens and the earth, and everything in them.",./final-sprites/gate-fiery-lantern-deficit-cushion-craw_clip_m1_OPT.gif,QmQrcN3nwbJdV1kbXrKsCS7YbUvNaWtfnwJNg5jPd1xsn7,QmUm6BeTkSu8brGG1ZwXENBuUihPGLX79whA9t1ZrKhjkQ,Qmf6DTDFArirH4ZY3DS7GS293gwZy6BnD3g15ZDTS56nWD
30,1,Sthümä,Resplendent Abomination,"A death-bringer who can bring his servants back to life by drowning them in his black, magical blood. His true form is said to be that of an immense cyclops with a black star for an eye.",./final-sprites/target-olive-destroyer-crash-hacienda-revenant_clip_m1_OPT.gif,QmWyijiFSgPPyi779Rk2NWFNpmYp16kF3Ln99x9x8pggzu,QmPcfHotn4MCtuMk5HnPSTEr2jjaonoGUZBNM9zs8Y9X9S,QmaKLnJy4SUNPqAA7HNMxef6SgRiycqJdEe2zMpME5CVDx
31,1,Senne'll,She Who Waits Behind the Wall,"An enormous, capricious entity capable of reshaping reality and rewriting the universe at will, who is said to be in a state of eternal slumber beneath a vast pool of water in the Arabian desert.",./final-sprites/cartridge-coverall-tank-top-organizing-flax-origin_norm_m0_OPT.gif,Qma4aP1ht3YsY3N6H7fH6vNw3NRQj9oP6M4JY33sXSMg1g,QmPCTkdEAsALUYQcdbmpbZrgCSMfgX9x7UsVFqtGCEn7JN,QmfViTrNPKp1RUiRLE2hosiDXUsw2JThyufN2tSYZzvSmd
32,1,Xyngogtha,Corpse God of the Sky,"A colossal, scarlet, vaguely humanoid corpse-like monstrosity with two great appendages tipped with a pair of wings each. It is said to be able to turn any slain army into a member of the armies it rules, and to spread disease wherever it treads.",./final-sprites/league-compliance-conifer-unibody-gearshift-apple_clip_m5_OPT.gif,QmUoFwvrLGCmCNnmFaqu5XoxGo87vxzY9c8HX1JhqPr5pz,QmdUwtdf3UwZhPcWi1Qw1DPoANdPcdPZQSz95tpc8sSX5w,QmZ7rpCjtAJ73tR3w1cR1XfLAGLkpykZTAZH4cNTWkyBDS
33,1,Slaaaof,The Greateaters,"Elongated entities which move through the cracks of the earth to devour humans. They are said to have no eyes or mouths, and to be blind and deaf. They can morph their bodies into any shape they desire. It is said that Sthümä, the ruler of the Black Moon, may have created them for this purpose.",./final-sprites/mime-vintage-macaroon-signup-beet-spouse_clip_m1_OPT.gif,QmeUKPYdrLtX6HT9KYa2es43KG5fzKz2uPBTZL4oAAKcM9,QmNdbWBnddCG6iiSQY9Vn32jE97qczBDvSaYGDBRTakTGV,QmcgiSqvJRVTjr8CENjxvFrEWRA4p6Y94CSpjJw4rh72V9
34,1,Thuuwäääääj,Guardian of the Forbidden City,A solitary winged entity guarding an entrance miles beneath the Earth. Carries a broadsword and is said to be immovable without a certain key.,./final-sprites/waterfall-teller-accommodation-fibroblast-depressive-resume_clip_m7_OPT.gif,QmfXL4oCY9EPDpnoHhoVjXivWuy3E3CFy6gh1burfhS82f,QmfMC6KFWut7MNYgAPcVAUe4Dk2MRzPzQ6pCHA7Nyno8jb,QmY3E4aMF81JwKdmZH6Gvy549A94hz3dCcRZtxb3vvCyEz
35,1,Ma’rathui,The Night Stalker,"The mother of the House of N’ghoo. A white, bat-like monster with three rows of thorns, eighteen fangs, no organs whatsoever. Saids to inhabit a blackness so deep that it stretches through the Earth.",./final-sprites/evening-wear-upward-choice-lining-thongs-nutrient_norm_m7_OPT.gif,QmPJWaSZ14hU829JqojQvm3owRceUsG83LsbbxkNQ75GgB,QmT3W39UNrwp74PVRGJBdmjCJffd3itNqy8fz968Wsh5J4,QmbLhJDudauAedz3TCb41opMeE5k4UDiWXdH2AtQqcmuc5
36,1,Näl'yü,The Weeping Goddess,"A small grey, wrinkled, female humanoid figure with a long, slender neck, and an extremely long, sharp, hair covered face and three eyes, two on top of her head and one on her forehead. She is described as ""looking like a blue crone or a hideous hag"". She is said to have a tremendous capacity to absorb energy.",./final-sprites/cub-expertise-detection-emanate-councilman-billing_clip_m1_OPT.gif,QmZoBdFGQQxpmX43mEBzgMZ5XtRFn6VgjiqQNVaRRtcS7f,QmRqp2YNb6RwosRUQESfKbrhUquf1wBJyELMSjGek9SYrQ,QmWhRvJAoytSzVUD9CGBh6NnJ53ReNZFwzUasts9P5GVWV
37,1,Ub-Nagh-Ui’th,"Guardian of the Between Lands, Child of the Great Void","A great, vaguely humanoid figure of pure darkness who guards the land between life and death. It is said to wield a powerful force which it uses to cut the threads of life of any that pass the threshold of death.",./final-sprites/host-development-ark-concentration-employ-laughter_clip_m1_OPT.gif,QmTa3GJpZycELVMckfH7hRFYen55zirxMt3YDqWFac62ws,QmdYyDrXGpFQdekhatQUQi2wtZ8FXciWjdXAfbXoPiGrin,QmQq5H71zAFjUQdtXpsT4S6EnXNhDt3qXJDY89mNEaemHs
38,1,Hgg-Tchïn,"The White Fever, The Pale Plague","A pale, pulsating entity which glows with an unearthly light. It is said to be a perpetrator of pestilence and makes those it infects feel lethargic and listless.",./final-sprites/gondola-core-locket-octagon-iron-spaghetti_clip_m0_OPT.gif,QmRkYXUKi1xHAyQbJYU36DhJNqdJGEGFnqau1cLXSovaiA,QmSR5ay2tBFfLR7BBAF9GxnQFsqXaCboqPNuaqi1mtenZd,QmfGBKbHDm9SX5UsTRxi9BNzp5AFJJXgPQ4cK8N9jx46CJ
39,1,Zanthu,Last and Greatest of the Gods,"An enigmatic figure very rarely mentioned. Said to be the one who brought forth the apocalypse, and to be both the cause and end of the Fourth World.",./final-sprites/fingernail-pumpkinseed-ear-insurance-freon-taro_clip_m5_OPT.gif,QmVRgKwQJKgpo9hDb6qyvnj55CLZhZYc8XQifbDKwwU2ZM,QmQAsxgteNXt3FtwKyYQxfdCcMFjZtz7YKe1yENFWn27C5,QmSv7dyHfdgjtSrj3exhbaANv4RuLJ6FLEpGgadiMueLvZ
40,1,Yögthü,The Ocean’s Regret,A giant tentacled monster which has appeared briefly at sea to fishermen in South America. It is said to guard an enormous treasure of gold and jewels.,./final-sprites/halt-violence-emergence-pattypan-whirlwind-shanty_clip_m5_OPT.gif,QmZNvs4cRcrrVHAZnJLhFPieTWsMsUzG5xmcA45fTvAtg6,QmaxosVKicZ3MpkRmouW9edFsV3txdib3K8CQqK98P2unv,QmT6fLFPqPwjHDSdeJLdbUddamK2XbrYBfGn22RYbdVa71
41,1,Zhi-zhun-shi,Voice from the Outermost Vortex,"Appearing as a red humanoid with three eyes and a thin mouth, and four arms. He is accompanied by the sound of howling winds.",./final-sprites/hike-right-bass-mom-macrofauna-initialise_clip_m1_OPT.gif,QmPctrP7pbKHuPqux6bCkyyfFTxza7L7w1erREz57qiNGc,QmRjoXfPaeCJUeWjMsLfLUFkicQvXkJVWHgjnHWMFB8T5N,QmWkxh8vH5LSMXhv3HBqp9ybieB7onrsvbuZEtey57ft24
42,1,Ornan Unsca,The Mad Mage,"A depraved wizard who has done terrible things in her pursuit of power. It is believed that Ornan Unsca has been undead since before recorded history, and that she may have been born from the corpse of the legendary wizard Dluthos. She is the leader of the Cult of Zhar & Lloigor.",./final-sprites/aftershave-celsius-flytrap-fall-short-cofactor_clip_m1_OPT.gif,QmWaq7uZHNsAH9rYcrG1uy7BejvCodCbu6hH9PHbRQURBB,QmcHLk9nGi56MYjvaiiREtV68ZapZghi2QThjPgtRHE8iK,QmQJYz2uwuaLAGfdcLJ71QoXmWgBQcpPQuKz4ufkFfP4SJ
43,1,Arkathhuacht,The Ancient One Whose Name Defies True Transcription,"A massive, amorphous blob covered in stars, a towering figure shrouded in clouds larger than mountains. A sleeping deity, described as an enormous blue eyeless figure with flightless wings.",./final-sprites/calculus-subexpression-digestive-armadillo-brother-silicon_clip_m0_OPT.gif,QmU52yn2Sx6AdorKztbz5dhiEu61LL4J2Xqkj5h5fwU5z4,QmdBKnEPV9Gqi9zcHSHnvzzv5MqBmR77k3kZHP43QkGyhX,QmbtjHhniZ2MpnSqWZMAZbX18nJcnF2Va1c6mU8U7sVFLo
44,1,Ub-Toth,The Hiss in the Mist,"A serpentine entity described as ""the manifestation of treachery"". It feeds on the souls of men, infecting others with its bile.",./final-sprites/chess-goddess-fact-comestible-downgrade-precedence_clip_m1_OPT.gif,QmWPVcrL1iaRkEXMSXEGkqCd7V7A54HqnRcnQWKaRBsAy2,QmcP58MQAwEYAYfYiDi93J3F4ERemSLuGt3vhPeThfeBqc,QmUceosXtqSs1zhjtpXT9HzN8pSnSzSDosG2G1iDvmL1GY
45,1,Nainoa,Guardian of the Sacred Heart,A scarlet god who guards a mysterious artifact known only as 'The Sacred Heart'. It is said to grant immortality to those who possess it.,./final-sprites/chowder-glacier-salad-process-mean-propane_clip_m5_OPT.gif,QmdxfRsF4Hb82btop6AjHCED4BdKzNKpHL4Jh86CUWvpk2,QmX61bkzJmq73MQd4YyoKLkigD8JJUsH8VWAm4vTMU1Mj5,QmbuZBZCi2mnAt97f7mEaWUB4BMd2foyiobnKCLYc8ub5j
46,1,Rth’gnhh,Justiciar of the Worm,"A great steed with a long tongue, and a mighty forked tail. It looks down upon humans and the other gods from a great height, and was almost weighed in the balance with them at the creation of the universe.",./final-sprites/simplicity-cholesterol-title-cemetery-styling-stot_norm_m1_OPT.gif,Qmf4Wj3ymcZoYJxzPmVJkmTMKhKemuB9vqKmLYhG2BtaqX,QmdkmTxp3RYUEJ2djy66XTYv7mFeqRCUEvMC4wBLdGVZ2F,QmSQ2XXEUH1QjvUFUzHzT5iWPQZwXwfU4hBanCd9zNGFD2
47,1,C'zshuai,The Insatiable One,"An ancient, primordial deity described as a 'darkness between the stars'. It exists in a state of perpetual hunger, and is said to have devoured much of the universe in its wrath during the last of the world-ending cataclysms. In the present day, its hunger seems to have mysteriously abated for now.",./final-sprites/duckling-daffodil-visual-pomegranate-boatload-lynx_norm_m1_OPT.gif,QmQRh3B95dvSR97TeysvvkHAhLPsQX7UCPdgnbLa7wxRLB,QmeuRGbZcGtn2LG6RXbFsCweQnY1yKzW4PGhHaak3yNsmb,Qmby1cBw3iwCZJuMrDDgnNFQQZCeDGaLUJX3oPduLXJKkq
48,1,Ub-Yaghoth,Mother of the Forest,"A colossal tree-like entity with roots everywhere and a mass of eyes at its crown. She lives in the heart of the Old Forest, where she was once worshipped by the aboriginals of the region.",./final-sprites/economics-wine-organisation-well-death-cleat_norm_m7_OPT.gif,QmNib5u4JRnozVvh3EUUJLMwoXQF1J2McwbEoqq3VLgtgf,QmRWeseoMygWyaF6ZBHqwiKDTPfDj1f9q95gQeX9swmCWV,QmRSw1odnDBcXwPKfKSMQBQVJMTopQthvARinK6woreyXL
49,1,Hölghor,God of the Steely Blood,"A god of Einjerih dedicated to war, bloodlust and horror. He appears as a gigantic, gangly being with a humanoid head and splotches of green.",./final-sprites/cream-honeydew-slipper-storage-government-apology_clip_m1_OPT.gif,QmQ71zjSAMB5A9A9ytrQT7kyVuHiGANv4TPvz2KT6mJmuu,QmXRCArhfsNe76TZU69HgsY1FiyDUXZgiFEseDS8LHBZfm,QmeyCaXn4m5BRELTJ9nbRcyRZCVy7qZfFcsbR4qh49Q8pd
50,1,Bä-Hth’lthgha,The Gilded Idol,"A golden statue with two shining, malevolent eyes and a blue tongue. It can appear within dreams, and its touch is said to be lethal.",./final-sprites/printer-atrium-main-doughnut-disparity-stepdaughter_clip_m1_OPT.gif,QmP842eyDuhkQcQYNSCPpavkzAP2roNyAX45xBB27UXowN,QmV4YYz988zCR2bcajGi4Y1uzQcuLJCvW3P4vpZ8icWU77,QmeHX5FmtHTn8LMfHKYmCeHpqU1UYRKXJd3Qq1h8E5JAKv
51,1,Yhthogtha,The Unwaking One,"A monstrous great slumbering entity, said to be imprisoned underneath the ocean floor of the Gulf of Rhot. Legends say that he is so enormous that his breathing causes tidal waves, and that one day, roused by his servants, he will devour the world.",./final-sprites/muscle-calorie-lollipop-throat-fat-topic_norm_m1_OPT.gif,QmYSgDXhAWUCCDdKqtTbM32pnMx1VK9VEexjCxs67tLa4q,QmdzFKVVd4ywMwF2of3rJyZrm8RhTa2rj5BCgQmDJ3u1tS,QmeEeB1VJXG5QNAFjnBULzphQ78pDzfq6zetZ4QakR51vT
52,1,Bth’gth,The Hungering One,Said to be a colossal monstrosity with shapeless appendages which it uses to feed on any things in its reach. It is thought to be offsprung from Cchzshuai’s rage and pain when he was expelled from the realms of the gods.,./final-sprites/overflight-raisin-confectionery-pantsuit-hype-employee_norm_m1_OPT.gif,QmPruQdeQRzWyTSPQGbh8QaaNELudjfWstgvazTqHwc7vb,QmazfhhS8PrFCRxAoP5urjss2XSntBQVJKVXRnifM2FcbB,QmeR6w4n5SGBaFeokAwo6HPw3W1cB2unfmMvwrt2BQnFjc
53,1,Z’xulth,Lord of the Rotted Hill,"A gigantic five-headed hydra-like beast, with the heads of hyenas, jackals, vultures, eagles, and humans.",./final-sprites/appetiser-worry-jaguar-dew-connection-minnow_norm_m6_OPT.gif,Qmc67nLurJotN97ZJDznLWMjWXDtcj1KcBXzEbGR3SHaS1,QmWZyrbkgPDHaPrUjZ5jPdkRwe513NM96Y5Z5pcaYKBLGz,QmcD9FGu6KaNzbFi1pGRru6cjCdDSDi1f1MjV9fzKL6KLc
54,1,Thrghöö-tüz,The Witch Mother,"A gigantic, blue, vampiric sorceress with bloody fangs and a forked tail. She is said to lead vast armies of evil creatures from her home in the Land of Shadows. She is one of Cach-lzshuai’s chief lieutenants, and has been feeding herself on his corpse since the Black Sun was destroyed.",./final-sprites/forum-elm-stylus-cannibal-pillow-sugar_norm_m1_OPT.gif,QmVtbiy1rV2K7D3MBCN11RpERLbXcx9oYupi8CsdVPGmkE,QmRSCKGWjapAsK5kpcvMgXzdn6WvjhrFHXMwvkvrjoMG7b,QmUXB7Vv8n96aQD2W6rPCBc3LDbCc3ViBK8LEQmrQPAYw4
55,1,Gh’nag-gh’a,The Thing in the Depths,"A gigantic, gaping maw of flesh with many tentacles and mouths. It dwells in the depths of the Gulf of Rhot, along with C’zhur-Gh’ull-Lhaa.",./final-sprites/bellows-cradle-carnation-hake-definition-singer_norm_m5_OPT.gif,QmfTyZiVEDyeX7LQoEPkAyK3C8ag1Dq3ghtjaYtM2jhBot,QmQCbfUUsFLbJP2VMwEMbgP2NmJztCqc9NQwjamZXWR9P7,QmXRqnmrB5fdcVz3MCqe46r3yA9sQngvbG3PrzM7G7uofV
56,1,Ayth-Mee,Bride of the Veil,A shadowy humanoid with a feminine build and a veil-like hood over its head. Its face may be either hidden or featureless.,./final-sprites/baggie-lottery-buckle-cat-species-bench_norm_m7_OPT.gif,QmYeFfGuaBvZHwVFjgTTh6w7LAFnv2xRCJAdgKckdpWPnB,QmapxWPyFfNBWB8bNyvZahubiMBDAJdqdh1AukBAmuj8XH,QmRXqJ8y93RfMXo856iVu6HRJUJAHmz7adYdVkbM553CzD
57,1,Yokai-Sehn,"The Great One in the East, Dragon of the East, the Eastern Divinity","A titanic entity which rules the East Empire, where it is seen as a benevolent spirit of structure and stability. It is one of the more reliable beings.",./final-sprites/fatigue-livestock-rehospitalization-tulip-snap-sailing_norm_m1_OPT.gif,QmRVKQokK5qRDS4Xz8XS5w36tiDeoe7yfxGKvejG2oiUC4,QmVgc7Em5wK7p3j4e1YKjE8HdkPFmoDB2WgQeRoqGcvP62,QmcijdKGHp9trQKjTQhmm83uZiPx7AW4hx6nwXa9unh3ac
58,1,Gard’lian,A Green Eater of Souls,"A garden that eats humans by melting their souls into itself. It can only be killed if two people make love in the center of the garden, and they must be caught in the act by the Voice of the Garden.",./final-sprites/report-buying-crush-sportsman-reorganisation-carload_norm_m7_OPT.gif,QmWV7oFKJ7DZJ8GGY918YNqzoWMg9eAp49kTFns9gVdsJe,QmWyPyhzqxULjyBvqTm8GXbpqLpnXUuobKy2GHjFrU7UjY,QmSi9ArBKoYjmgLffDcbaAsxrdToJeoeeSFETmcMiT7RKh
59,1,Yatha,Guardian of the Unholy Secret,"A gargantuan entity of living shadows encased in a mass of dancing, gibbering bodies. She guards the Temple of Ages and the knowledge of the Everlasting Things. The God of the Moon is her master.",./final-sprites/surplus-emitter-sediment-cenotaph-spectrum-legging_norm_m1_OPT.gif,QmQqQ8eUfiFqZj9g6HUSNRCDyz7XJm1TpPzzAyQPM9ZTxS,Qmez4Ge9XdJPWiKhxWQJ95TuXJEafQMru97g5oGUVXEF7y,QmPEYqNweBrr57yzgUhRe958DMLqxj1JqVeFBpKzm7fPxs
60,1,Cchzchhuai,The Tower of the Black Light,"A malevolent, black dragon. It is said that it can only be harmed by the sound of a single human voice, and that it comes from the farthest reaches of the universe. She has been imprisoned beneath the Gulf of Rhot for eons, and is the mother of Khakh.",./final-sprites/way-misreading-fender-prestige-artificer-behalf_clip_m1_OPT.gif,QmcLMvHTWhAKBMJgAJPH5wm9QoUxxSiQSFTg3o87Q1HHVd,QmVeYkEgjWs47zefSEzVUiqaBAYs6S9rRxECEn28iD6vwq,QmQ1b2RFw58o9F4QaNHscW55oREFfwYBkmXP7wSwricuUM
61,1,Nghäsh-Zhah,Lord of the Great Cold,"A celestial entity described as 'an inverted mountain of a massive planet', whose breath is said to cause blizzards and snowstorms.",./final-sprites/paperback-relative-robin-manner-cursor-routine_clip_m0_OPT.gif,QmZAyku1x9Ror4YRQ3VShM65Xa1KzSnD8GVpvQZ2zukRZG,QmehBg1o7xipZiYaBZYwKbkbk75SNua1V8Y9wTi77xGW9A,QmQBF41QyasRTQnDqov2a6yM1Sfjy7BuPra8VnjSpdE3q1
62,1,Ub-Zeeg,Goddess of the Earth’s Pain,"A colossal, four-legged entity covered in fissures and cracks like an old statue from which age has leached all wisdom. She does not speak and expresses herself only through her actions. She appeared after the shattering of the Etherial Barrier.",./final-sprites/nutmeg-folklore-skating-antecedent-land-chemotaxis_norm_m1_OPT.gif,QmYsSAi8nXUcaDzZy9PXrbeXhUHuD6sS5FbuHj2QfxbJDj,QmbnmrDooTGAAmuDCyn4RttZEHexFHdK7rsGMUTmeNNNyH,QmYg6zChCPmSfLn33ff7TLJwq8PViJR93Pe9CpRCPGniyZ
63,1,Qüghüd-hgn,A King in the Howling Night Sky,"Said to be a colossal entity which rules over the 'Black Stars', his servants. The stars are basically fragments of his substance which he sends throughout the universe.",./final-sprites/pheasant-minimalism-internet-fur-temper-anarchy_clip_m1_OPT.gif,QmSUkfreG5eCx4ZkTE1oREZPeMpFYEz56R51aAaQXuwxx7,QmWRf4nrxaAQPL2uJjG2mVLq7WxQvkLdTwSUvpD5UVgmmt,QmXB3zctcxJN4mnDmdi7ktCY1GE2Mmd7vKmd7uYeidWpnL
64,1,Anu-avadh & Atharvadh,The Twin Princes of the Sun,"Conjoined brothers, one golden and one silver, who are masters of the sun and the moon. They are said to visit the realm of men every new year to impart their wisdom to the children.",./final-sprites/effort-monitoring-arm-rest-storm-scholar-opossum_clip_m7_OPT.gif,QmcsxNWsiv7BQwzJaNNxUKHuRReQXPSqe7S77SgQ9XFjX3,QmVKVfGgFDMPmaTm6rL6eH8GvG7bkUCWjM9dLAnKKmRZVR,QmUYKHmfroY7bE4FvoN5a59dweLV7vu5cLeopRgSQPhngC
65,1,Shudde-M’ell,"The Nameless Mist, The Vaster Dread","A colossal deity or a huge extraterrestrial entity which can burrow through anything and survives on radiation. It has massive claws, a four-legged shape, and is surrounded by a mist of golden yellow light.",./final-sprites/taste-hut-publicity-gem-gallery-hedge_norm_m5_OPT.gif,Qmdie6cc9st4vxCZn6Uc2M7QEcUnbh8nyqwX3xRP4GPadQ,QmXnRfXtBM3ooMnKMdo1fgzYsvdNjnX5R7hJzfGQyDxPXk,QmUGaxDSCiHKMesDJrWw5tzoeGtbwbUBaR3HvG69YoZhG6
66,1,Nulñg-Gth'yäh,The Lowest Worm,"A colossal worm-like god with an enormous, gaping mouth in its belly, a massive maw in the center of its body, and a cluster of eyes upon its forehead. It is the Lord of the Dreaming Stars and Lightning.",./final-sprites/grief-chow-karate-couch-knight-banjo_clip_m1_OPT.gif,QmR1mQjiZqnTrFPPu4LccuvQjR2Nkcpnqnob4qJ1KAn2HJ,QmX9SpU59ssNpdsq5xu2BWpmFV8Es6PBtmtAxeYGmyuwWn,QmcqDw6DatpKXBzgL9FG8fKxGBmoamiz2mN3kF1zBaRBKv
67,1,Shoggti,Goddess of the Deed,A skeletal figure with green glowing eyes and a numerous collection of holes on her body. She is said to dwell somewhere in the Isthmus of Suez.,./final-sprites/fountain-bull-baker-embellishment-understatement-tattler_norm_m7_OPT.gif,QmUEt1LectLpKvgNnSycASpbzVdLxi5Na3dtWkHAuoAdPx,QmZ8UYjcN7e4ocZCW2xgBEwqpoQHYs6btAr7B96MHEBms8,QmZWSP5ZuMYc6zyU13JNqpCGWtgCzLFSfdCC3qib4eFCtd
68,1,Tiawath,The Thing That Slumbers,"Another of the ancient gods, it is said to be able to transform itself into a cloud of rainbow mist, and its body is covered in eyes. It sleeps within a castle made from the remains of dead civilizations, locked away by the Etherial Gods.",./final-sprites/thickness-resale-builder-hatbox-doe-fondue_clip_m5_OPT.gif,QmeF1YKCtYb29oN3zULteWYMAAuK3gLfRSDi4qbUfMfZPj,QmU2QfpHiy8wZ1hX6Pc7QN5Y2gny5Bu1ZzXazYUN8SytNw,QmSzSLcnEZ9wv8MyBoLTz8YRdBnn5ZqZCW68PoDD54Bbea
69,1,Malkuth,King of Arms,"An everyman deity worshipping weapons and armor instead of gods and idols. His followers can purchase the equipment of the dead for pennies, and send their souls",./final-sprites/lack-comfortable-lieu-concrete-registry-tissue_clip_m1_OPT.gif,QmY6VpVpEg5iCkyL4LarDaYttxe6kp6oErSaFPv7CBopfJ,QmX4MR45LB5DasmBRA9v3hqdZ1b1hfTvdwg9SnLTEFe5fQ,QmVwnryXQ6A6MubVeMUBrj7BAoqfQmb75cx5vDtiJRRCxP
70,1,Shi-Chäh-Ng,Shadow that Hides the Black Sun,"A colossal entity of living shadows, with two white eyes and a large mouth at the end of an immensely long neck. It hides the light of the Black Sun, which it inhabits. It is said to eclipse the entire sky when it awakens.",./final-sprites/airforce-bark-proposition-beauty-final-sash_norm_m1_OPT.gif,QmeGW8dZRGxxWodx8bK2rrUVCEGoTta2gHfeLXt8rvL6Xx,QmXzUyS5zqSWEGt7Ytp5EBRva5x3rJxfnMeJM8rFpQf3nY,QmTrUZTMqKmjnBG8Rqn6NLH6MyLHHZvMjnMn4jSjW9hL3s
71,1,Rgh’nnag-thrhu,Dreamer Beneath the Ancient Oceans,A colossal snake-like entity with a gigantic head and a giant hole in its abdomen. It is said to have swallowed the sun in a past life.,./final-sprites/amount-consensus-gambling-pyramid-priority-chandelier_norm_m1_OPT.gif,QmWiyVBoJevZt4VrbGwjSP5GJ8KknfrGBYdZ6oyHBhrhvf,QmZKVirFwgWQnVer99Mses5f9BmXK54wSdkuPbK1xZeGNx,QmX8YJUNdXA2vzHgHPmjvqvK672c7c7Wu9b5mE2YPijrtz
72,1,Ghisut,Sending of Six,"A gigantic, colossal, vaguely humanoid entity, with six long, segmented arms, and with a small mouth on its abdomen. Saying its name six times in six seconds is said to summon it to the caller.",./final-sprites/formicarium-adult-standard-proportion-presence-sombrero_clip_m1_OPT.gif,QmPYEfAdNQffg2S7v91kkVFn7gRD21hgt8SP9L7PnD9utS,QmZX5TtR2K6cBNbmspM4HZzbbxXpF28sMvr1jZHw25FQwf,QmSEY3GAsMWuA3mGqPktUs7EUtBFrtuFmMVXhoPDAS5Z1t
73,1,Zgrgl,The Rainbow Worm,"An immensely long worm with a huge, gaping mouth at one end, and multiple, heaving abdomens at the other end. Its skin is said to be rainbow-colored. It is capable of devouring the world and Ntánu Uryayar, the Burning Mountain, in one bite, and has been prophesied to do so by Huacas after the coming of the Fleet of Worlds.",./final-sprites/anchovy-gnat-wok-doctor-disdain-grub_clip_m1_OPT.gif,QmPyJTB3xrbf5iKdshuJWBubK1mBV4tgfDMnW4YjPbNY3s,QmT3uCQkUouYcvWq8dvzgumHeBgaX2uw2RzfYSv27f3LHE,QmT26v239X7hEVDvLdFe5Yz88dB1itjYMDZKXUQkPXLn8G
74,1,Stfän,The One Who Says No,"Responsible for the rain of blood which fell upon the earth during the end of time, after the Black Sun’s collapse. Appears as a ghastly figure with a bulbous neck.",./final-sprites/antler-sound-parcel-amazement-skyline-aftershock_norm_m1_OPT.gif,QmYE8cYdsQkkJgGEmxHJDXDorUGdTPktHRGuy5r3oiDT9x,QmW9px6X6FevF9YhxN1Ld7L5PoWTmkETUGXo9DTz8MU53n,QmegUcVRc1dDM5zkhLzVF7UpLWF4Aae3vTP2NvjeJ8xbnF
75,1,The Nameless,The Other Gods,A pantheon of gods said to have existed in the beginning of the universe. They are as yet unnamed.,./final-sprites/dragon-stripe-dungarees-listening-tonic-morning_clip_m1_OPT.gif,QmdqCZnpbzEBumVbV6wWnR2tuFNJSJCgrScHrmjoG5ncih,QmbNFreuizDidVfPz7c8DgGVE4JUhL58AqvHt133egPiZ2,QmPRX7iCBmeRZuyuUcSbzcT5fXEmcH33UaDMG5GCc4NBrG
76,1,Thnar’am,One Who Spins,"A gigantic, vaguely humanoid being made of flesh and blood, with a single glowing eye and a gaping maw filled with jagged teeth. It is said to breath otherworldly winds which shred the flesh of the living, and drown their victims in clouds of blood.",./final-sprites/bin-prejudice-pard-camper-pantologist-uniformity_norm_m1_OPT.gif,QmYwZGwrQFNAxRHKWowCC2SCwJhAxoQtZF73wzUS2KA6fZ,QmYZrQnwTiULQF751zeurVeDQDP5kvYjGsCPBCYX5jNcxS,QmeUTLhH3BZooHmySX1byv7AhG6BrQpid63PuEUL2uEqUs
77,1,Kchhk-tïr,What Lurks Among the Trees,"A long, thin creature said to have a humanoid body with a mass of antlers at the top, and a serpentine head. It possesses many tendrils which it uses to ensnare and kill the unwary. If one is to cut them off, the tendrils will grow back stronger and angrier.",./final-sprites/bird-watcher-safari-explanation-panic-wave-misreading_clip_m1_OPT.gif,QmVkxG8XV6A2qafoy6w7NpbNp3tuWBRrrpvneviMA4P9qd,QmbMLVBzdrZJKL92NydvrXTz8th8UvKpxb5mTTKofxW8LR,QmbCmJrFRWSHbKWEw7U3EFaw1nK1zFxPCu79oKqxAzv8y7
78,1,"Changri, the Devourer",The Old Forest,"A stretch of haunted, nightmarish forest with a mind of its own. It can spread anywhere it pleases, and has been responsible for the unnatural death of many explorers lured by its siren songs.",./final-sprites/blue-deformation-fantasy-confidentiality-vase-cross_clip_m0_OPT.gif,QmSJ65hgFYoFJkUuP7XqXzdwybXXDjNMhTKYwT2ZD1h4WG,QmeKfk3fosNm5uuqKcazbb44fAjsgsuUurEhTZXtW6mpc8,QmaEXTpr9gP3SrPpQcuGrXyiu7FFKMrNMKCCFV24XskjGt
79,1,Nghth,Long Night's Terror,"A dread creature with a hound's body and a wolf's head, whose cry is said to bring madness. He is the leader of the Black Hounds, who come out at night to hunt for wandering souls.",./final-sprites/permission-afternoon-hound-viability-law-parade_clip_m1_OPT.gif,QmUiyZRqZBgnjz78JpMGqAVqK9A67K3kERXmdoALBnGBYx,QmUNARhyFkazeF3Yq47KfFJSs1gN4tDMwQsqSYeyPekaF4,QmXJjaKjgC2DeaauMdMKEwsgqpF9usxVCw3Ld27BKsFzK3
80,1,Z'yü'khal,Sleeping God of the Caves,"A gigantic, monstrous being who appears as a deformed, white humanoid with one eye. He is said to be practicing some form of magic which causes an immense number of those who venture into the mountains into a state of waking death.",./final-sprites/caffeine-solvency-ignorant-signet-cyclone-sculpture_clip_m1_OPT.gif,QmQAJWiWfrDAAjNRT1WHCD4BFa3AcCVenfDDMk3bzzHnED,QmX5wnc4HGtLuuBMRk1ywgFY9YWNWZGMnpsSt5q4SeASEz,QmYenWjSR3935gJEdgMYF36q8KWQGigDmnY6v1cA8FohCw
81,1,Yaogl-Na,God of Multiple Coughs,"A monstrous entity which appears to be a conglomeration of tiny black humanoids, one of them having four smaller and darker humanoids coming out of its back. It is said to appear as a bright star in the sky, which mortals may mistake for an omen of wealth and prosperity. In reality, it is a harbinger of misery and death.",./final-sprites/arch-trolley-factory-surge-suet-possession_norm_m1_OPT.gif,QmSQM42Fui1jZYwgujfAru5mbVGaLR8WLvSWGMfnn9eo1h,Qmcw9Ys83oBP6CUgh28VKHVB2jNDrAoLqq6pEnySdaD4BR,QmaiEneVy753o7yAJmZeUHUigqvvCaJPFq5NrVYrRC2zNK
82,1,Ghots’a,Wretched Daughter of the Black Sun,"A great black entity with countless eyes and mouths. She appears as a gigantic, blind, female humanoid. She led the Faullths in the destruction of humanity in the second World Shatter.",./final-sprites/challenge-acrylic-wrap-viewer-guitar-colonisation_norm_m7_OPT.gif,QmVkZyrMTuJY7Bnri1pyAEcSbekXvVr5UKDhy8UmDwyUZU,QmWicxbDDKQ4uV9ovY7Q9ui8TX7LGHjQXjVPqnN5AGSxcn,QmcwHwayCciKA7CMCAVg2YDFdfhfjV9q6G49Z1w18QwVVw
83,1,Nüügh-gh’yh,"Watcher at the End of the World, Guardian of the Door to Oblivion","The vast face of an eyeless creature, said to be as large as a mountain. It is said to guard the end of the world, and to be placed there by the gods to prevent those who have died from ever escaping.",./final-sprites/cock-taxpayer-ale-space-porcupine-armadillo_norm_m7_OPT.gif,QmS8TPVbvEa5PgbW4wCVntYN4id39vKCZcq9zsVkf6j6tj,Qme3xomUsHbeBdp7n3XFuQRTcvFvMYi4zaTFaRWeVVxxfE,QmZTgc3w8oYWfZfdMvkPpB6vmwQnAMsXJB4Lk4toAeBfdf
84,1,Bolindo,"Deceiver of the Gods, Lifter of the Veil","A giant entity with a female face, said to have been able to hide the stars in her eyes, and to have deceived the gods into taking their places at the Sea of Stars, forever watching over the world. She may not be a god at all, but an immensely powerful being of a higher order.",./final-sprites/shed-syndrome-endive-barometer-competence-circadian_clip_m1_OPT.gif,QmXuXkXyRP3kKaZA62htzbMc8ZXwqbBTLWwJGPE8DAQBat,QmXopmUCA5ehPqk8vFAZumJeRNQJUwE49dsRzLmKivW8Z2,QmYspKJwYaxbaMGMuR1ipaSsbbmJNsFzonc9iMo1siKkfi
85,1,Nght-hru,The Day's Terror,"A white hag with a cat's head and four long arms, said to make men who gaze upon her fall into madness. She is the leader of the White Hounds, who hunt for wayward souls during the day.",./final-sprites/composer-supper-pupa-neonate-torso-assault_clip_m1_OPT.gif,QmVjpCp2Aiao9TEWRMP2wwMgPjru1A644Rtk931iGKgtUw,QmX7hEj4DiRKqLbrhJ55N5zunEpNEhJaPYda4yYxZWoTnD,QmVoVvXnTdfhCUwJ4Lvanq7ANuqVTdNW1hc9YvJaTXNRDb
86,1,Quxoph,The Darkest Darkness,"Appearing as a huge dripping monstrosity. It is said to be the oldest entity, and the source of all other Great Old Ones. The night comes from its breath.",./final-sprites/consonant-lifestyle-plagiarism-song-testimony-customer_clip_m0_OPT.gif,QmbTPtP8hjjSYgZgygZfc2H6Uwd6SBoknLktcs2aHz1a8L,Qme8QVSzUYUBJn7wnbmCakDjy2kTqg8YnGx1mNfCUt1EzV,QmNTAe8UZqRLsxGhCjGyDHtSY6YceJf4uAnnQJ5HsgoBya
87,1,Fhuvlrgh,God of Manic Depressives,"A gigantic, elongated entity with one gigantic eye and two long, hairy tendrils. It is described as being constantly screaming, and haunting the dreams of all who see it.",./final-sprites/creche-hydrolysis-pat-marines-cone-curio_norm_m1_OPT.gif,QmWekdXpiLHqgR99yRstwmdBe14MAR4r8d7BLkZAvWMEpV,QmUF8CFQ21XtsXoJSJN5foepB7AcEsWAQtPrvsbGXgY3qR,QmVArWY9j2Y5oXAYpV9PDmKkGe88dXy3X3m3Qeanh9fbvK
88,1,Yrsthennth,The Dark Messiah,"Appears as a gigantic, dark humanoid figure with no other distinguishing features. He is said to have been imprisoned by the Inca gods, after they sealed him within the body of Ntánu Uryayar (translates to ""The Burning Mountain""). Huacas suggests that he has a link with the llama god Thiracocha.",./final-sprites/crocus-plume-home-junk-counselor-desire_clip_m1_OPT.gif,QmaMhJzN7v3D9kvvs3zPHFbeCDBqjTxPzDMkzZoLF7RqRt,QmWa5qJQ352wbhRrtNYcFWAUApBpAovnjLk8Bi4rYWjwGM,QmUNBy7tU9gXdZ8dVvfGJVJJvv4c2SKiJiKcDQHove49pN
89,1,Vlhaa-Thvna,Crushing Claw of the Desert Queen,"Said to be the gigantic  entity that inhabits the desert. Its appearance is that of a huge woman, robed in black, with immense claws and a pair of large wings. It is said that every 15 years, she appears in the night sky, lifting up whole cities into the air and crushing them before devouring those left.",./final-sprites/cymbal-pounding-thong-beating-daybed-stand_norm_m1_OPT.gif,QmNzsQ6pUMgGcXuVo8BSHhovVquMFvi4iSWqsrFSbyQXQb,QmcAtW1E8iWjfnNZyYGHE6HeqE99j5i78Jq6B8jDFgonLg,QmfDKu11wmF6gEmAicze8inL4DMkEfThcvm2UUtc3cAzkX
90,1,Gh'gra'glth,Corrupter of Chance,"A mysterious dark doppelganger who can manipulate luck and chance. Sometimes only a cautionary tale at the poker table, but the increasing disappearances of high-profile gamblers suggests otherwise.",./final-sprites/deliberation-phenotype-enactment-election-inspector-almond_clip_m1_OPT.gif,QmR5nGp8Ph9iiUJoL587njq8gKqExgDwF5SWyWXQG9vUBV,QmYg6swAxt6psQX5SmAgaVemfvETsb9Wu8VXt5XWCf26Ui,Qmdhkf78xNhcCi9AarHgwnnF3rKjXk8zHSfaJPnmgQ11gV
91,1,Mmlr’gnth,The Clear Mountain,"A gigantic white, crystalline entity made from the bones of giants. It takes the frozen breath of those it captures, and it shapes them into statues to spread its influence across the world.",./final-sprites/disruption-hardening-appetiser-load-gazebo-saloon_norm_m1_OPT.gif,QmcnEfJH6dqAa5GbSuvtzD7uxxwpikj2qUPicQuAFCiewX,QmNdP8KNrXVRdtP5Jdm3fwVVQFtm7wH9aYY36CFx3qsJje,QmUDT7MqQAUcVV68Gte9zKm3a85hVjgt2ZagY5CDW6kgYC
92,1,Täorzgätä,Churning Prisoner of the Deep,"A gigantic, humanoid figure with many arms and a wide mouth down the center of its body. It dwells in the Abyss of Woe, along with other prisoners.",./final-sprites/down-advent-overcharge-salute-organisation-millet_norm_m6_OPT.gif,QmNNn1kKdENxx4pJ6Xu26rn19ETvLpunguwvkwzuvHd6tn,Qme1mtEiAypt4vRKno6Dp12EtPVkFUXnc2schkfAX3e84E,QmUicCBSDQDwCJd2R299DB3wAnE3X7FMzkgsxHQAEm2MU1
93,1,Zhüthä,Chariot of G’yathnä,"A living vehicle, ridden by G’yathnä when she appears before humankind. Appears as a writhing mass of leaves and ice with two thin wings.",./final-sprites/dragon-panties-dragonfruit-farming-evaporation-underweight_norm_m1_OPT.gif,QmbsJ5wG5tjcSTTFNFqhC2dpMN2tkoRD72HdwqHZNRhhrn,QmZc58nfjXipufYhZtkNNMyWCmLvhQ5kQmKXJZt8PYgXAd,QmUT675DGFWXSmHarCq5mjvQRUGyoW8C6GM3DXJ7JHjFZF
94,1,Ntánu Uryayar,The Burning Mountain,"A huge ogre of flame and magma that lies dormant within the Andes, under the Gulf of Rhot. He is said to be Yrsthennth's (translates to 'The Dark Messiah') jailer and boasts enormous strength.",./final-sprites/cave-object-human-badge-wire-bench_clip_m1_OPT.gif,QmNvAo6QiZ9nd1KHPZkyygQkdZEAzhA31EUuCQE7qjJAXJ,QmXwX1D4m1AxzJwqeiprWuAyaE2HZSqp6mo3vApqsZ7thR,QmcjUXpf1GTXrXMNGsorBSEipemS5wcPqTnN54knrySBtU
95,1,Tlachia,Bride of the Sun,"A woman said to have once been the leader of the church of Cchzchchhaa, but to have been torn apart and devoured by the World Serpent. Her shade lives on within the Black Sun, and she is said to be able to speak with Cchzchchhaa. She is attended by two enormous azure serpents.",./final-sprites/drag-shaker-feng-inflammation-sari-opposition_norm_m1_OPT.gif,QmZznkiMgb6m399NCveRQEgmQrjKaTJPHMRoq1bNuGrwpE,QmWA8nwR9SAAAuB8cQRL4JRjAtYHXsbabFtEe14G5FyRK2,QmZEYryqwjvJaoGNJnQ7xuuEtQqRDkCt3TuLTEpdguVLbv
96,1,Igäthäbthäth,The Bled One,"A gigantic, pale humanoid with four long fingers on each hand. He is thought to be made not of flesh, but of only blood and bone.",./final-sprites/earmuffs-physical-tradition-conspirator-ornament-father-in-law_clip_m0_OPT.gif,QmW4jrxx7gmRGHyCXmB7z3SnMV7ZLpGj136zTwF7LhtxrU,QmdF6zDCSoqgUMCca8SEm3iwos1URb2MgRhvRMuNwgwmKd,QmdX69iFC1Zdm8vS2zVKWMoH3LDX39mcWfk1aciftFgWRS
97,1,Stari’bla,The Black Sun,"A sentient star with no light, said to exist within the deepest part of the universe. Within the Blind Star is the realm of Cchzchchhaa, the World Dragon.",./final-sprites/experience-funding-brochure-foxglove-eraser-hunter_clip_m1_OPT.gif,QmQQzt19XSFRsUuKnGUVCHGYudSuVUuTNBH4mJXhCgg7oj,QmQKyZiUPBcHBYeQZE2f5cn7vgNrRSyPYyZ4vWT6DJJbkN,Qme84qjhq5YZpmB9wpopzdRbmEhnRETZLddpuZGNuNtgRH
98,1,Ngzh'ghurra,Owl of Death,"A gigantic, black bird with a skull-like face and a single golden eye. It has a sharp beak and a pair of massive wings. Said to have killed more people than any other god or entity in the Unnamed Lands.",./final-sprites/exposition-cofactor-resort-procurement-minority-fragrance_clip_m1_OPT.gif,QmSGEGA6NkSkeU9d865ZUvBtJGaic9NdyWDnPwqv254vtg,QmaAhrLXjaevBjLNQZhqzze7gwgEz8nHz6gw9sCT7Foyhh,QmeoqAn1pEwJ92UUDanfEdiSzerRDh4XtNx4WY6iUqU4od
99,1,Dluthos,Magic's First Master,"A powerful wizard who is said to have been born from the corpse of another wizard, and to have killed the World Dragon in a previous world-ending cataclysm. He was then killed by Ornan Unsca, who mutilated his corpse and attached it to a brooding cairn.",./final-sprites/leaker-user-advertisement-deputy-climate-communist_clip_m1_OPT.gif,QmRicVJVuaFixVJWbdKNG1ZQWoqtxi3gcWoJfw3GkBD1QV,QmeFcFDsU9z5N97NTU5tVvKEA9kdRRY7Yn8rnP94WKf3Q9,QmZ8pBmRFdpgEzDapVD178TFkMVmKRfD3L8T5vNtm3amas
100,1,Cptzchshuai,Leviathan of the Deep,"A gigantic beast which dwells in the depths of the Gulf of Rhot. Said to have been exiled from the realm of the Gods for his terrible acts. It is often described as being an evil equal to or greater than Zathroth, and they are said to be locked in a struggle with one another as the Leviathan lures men to their deaths through its servants, such as Gh’nag-gh’a and C’zhur-Gh’ull-Lhaa, whereas Zathroth attempts to destroy life by corrupting every living thing.",./final-sprites/gaiters-beating-ambition-tempo-job-repeat_clip_m1_OPT.gif,QmUKj5gF4EQ3if2jGMdC46hVe16dBdFJifFdfyjR4N7ghA,QmT2p5ErUauEerwLw3NQgD9NdwsWMpQN1jx5JpMWmgPVty,QmT54C4ZqUU7xQavvs7d8qA5Z6PtR9w5SUiZVzd93kJCrF
101,1,Urrghth,"Guardian of the Earth’s Weak Spot, Storyteller of the Deep Lands","Apachita’s messenger. A giant glowing furred creature with twin great antlers on its head, three mouths, and a gentle yet vacant expression upon its face.",./final-sprites/gopher-processing-zinc-displacement-feel-rhythm_clip_m0_OPT.gif,QmZao4VU3JGVwvaNJ8NTWybYjM7qQrZyMBoyKKB9wyoXJ1,QmRhtZ9y3ZvDSKfkFEx58PWMX1fX6VjhQhfZdwS7hWntvi,QmSqxTsBsaQCiTxc8iNTb6bekUwaGwxWYT3FLqc73ZcyGV
102,1,Zadruga,Child of the Abyss,"A monstrous entity with a face of a wolf, and numerous writhing tentacles. It is the current guardian of the Abyss, and after the death of its predecessor Jhüll, it has begun an orgy of destruction across the world. Its full nature and intentions are unknown.",./final-sprites/guitar-bag-recess-bribery-breakpoint-milestone_clip_m1_OPT.gif,QmbkrBiybfHP2dyVBYmiaUjJawRDR6RveyK82zVYSH7eKm,QmY6SpnjtPGw6DaZ8qExUwZMe3U43ZKVjPs9QMLSXrNyyT,QmZoyPhZK7JkidsiHKEFvoWqzqVSYHGdrvPCjzDtAS7KGF
103,1,Th’zzraäth,The Thing that Hides in the Desolation,"A black and brown, vaguely gibbous-shaped entity with a long spined tail, flopping tentacle-like limbs, and a great hole in its chest. It travels between the tears shed by the hearbroken.",./final-sprites/heavy-referendum-submitter-olive-doggie-slip_clip_m1_OPT.gif,QmS9Zq51sEiSFWTBGVzqs3fBGeeiJqLAHtjeN9KmwBEKgG,QmNyoAZNsJTJ2qpRfTBHbnTHDEFkM3SSWe5Me6fyLeeWf7,QmX2yP4QQVymJh8QL4odXZMTxLRTgNgw1RqNHH6n7mCCGq
104,1,Hräthkk,"The Dark Wood Demon, The Living Furnace","A gigantic black figure surrounded by ghostly flames and thorny tree boughs. Said to resemble a man, but mostly shrouded in shadow, its face is only visible when its eyes burn with anger. It inhabits a vast, haunted forest of dead or dying trees which can be found in many of the world’s most isolated landmasses.",./final-sprites/hemp-peony-glider-threshold-methane-sonata_clip_m1_OPT.gif,QmYzYZnTvkcg3VxAc9u3SGgMcCK7Xu1DBQB22D2qxGb3yE,QmQik4DCdfJBNhGvVheoGfrRUxyQVeqgLXY6Sn3jRtovhd,QmVHcrbcf8C2kviZoVH6p4nvKXAuAQXDJp6GpsC2XNaDqH
105,1,Muuts,Crab of Bones,Said to be a massive colossal crab-like creature that swings its claws with incredible power. It patrols the Gulf of Rhot keeping out intruders.,./final-sprites/homogenate-passing-stepdaughter-cart-compliment-resume_clip_m1_OPT.gif,QmWU4EDejADZZL7L3iMFP8nKBzPTqpEN9eHPcJ9AnbV2oy,QmZx5yPt5qi7P7vDaDYpV948k3qnDDFTWKvST7QyCbFJhh,QmYbu7Kon9bQejkLjZVt5sMWEbUstzXKFyQP9kRpmWQUjq
106,1,Könmaa,The Final Bridge,"A mass of immortal, malevolent spirits with the ability to infect living beings and turn them into spirits as well. They manifest as spindly, black figures, and are known to dwell on the astral plane, though they may be summoned to the physical world for brief periods of time.",./final-sprites/honeybee-night-sheep-mozzarella-sender-pot_norm_m1_OPT.gif,QmUwHQeWusvDLb8PLeYwkJ8LsdTEAfFtdVFRZXXiCDTTwV,QmNVgwRWKR9oRVJvoiTs5YgoazWcGKiPMRJULQnjuV5J37,QmUvgsjnim2KMugGha4R9KZ4EzJM4etfUK6jYmrLnqP8F4
107,1,Aughra-grnu,Dragon of the Great Below,"A gigantic dragon with many eyes, and a gaping maw with teeth of bone. He was long ago banished by a great magician, and now wanders the plane of Nulb. He seeks to overthrow the Lizard King Nulnaggar, and rule over the city of Nulb.",./final-sprites/horse-archives-dip-luxury-fanlight-mind_norm_m1_OPT.gif,QmWPV5CqcDEqT8j1MLjixP9JgnC6qKCmSqWubuW7es9xy9,QmVR5qTqhLQUryRCVFyy8VxPrXTKjWFZf5sPKAX4jjmsE3,Qmeu82m1gyh7SQbJJtptVj938vJbCYs3eieTX82A8KcsHm
108,1,Iä-R’lyeh,"Father of Disaster, The Curser of Man","A colossal figure with a man’s upper body, arms ending in tentacle-like appendages, a large mouth on top of a long neck ending in a finned tip, and a ridged body lined with tentacles. He is said to come from the depths of the sea, and appear as a god of the sea to those who live close to the coast.",./final-sprites/hurricane-pitcher-valentine-experiment-larder-sake_norm_m1_OPT.gif,QmUCgF2y8tpFip8VJ4X4Rs7FMKig6bTThxeffCLT74iAP3,QmcS8CYrsTDkedMmVQYKcFpkgmUaqSbCMQnUMCvSN14DLr,QmfPBAZDZ6SomoR2SUCWQSW5NBoMjUBM3fzqWeUbeXdqsL
109,1,Kthulhutar," Lord of the Pillars of Darkness, The Indigo Crow","A master of death and resurrection. He is depicted as a great bird with six wings, and skin the color of the indigo crow. He is said to be able to bring the dead back to life by plunging them into the Gulf of Rhot. He is said to be served by the otherworldly B’dök also known as the Indigo Crow.",./final-sprites/hyacinth-hydrocarb-plant-rivulet-transcript-urgency_norm_m1_OPT.gif,QmdvKeSb8NfuUab6FCbErrQT1rpYeYAoEVzF66frjS1FvT,Qmf6YSLF8SfN8Ak3MZByvGnduVCMW21MNikCu5U6GndbJL,QmbB5rGWztuo8L8dEjPepRsy3XoYTLeqCPtx4CRBbD9Uij
110,1,Ürdthüll,Fungus of the Underworld,"A fungus-like entity with multiple hands, a hideous head, and many writhing appendages. It is said to be the manifestation of death itself, and it feasts on dead flesh in the darkness of the earth.",./final-sprites/hydroxyl-tradition-tomb-treatment-boudoir-savory_norm_m1_OPT.gif,QmSYhy9WPwyCzAgqRteCkJMiBA2TMhA5fUsmDezNR5uv4e,Qmb6AufZMY8qxHBxzTN5Aj21yyEkoR6UGXkdKRkF43SoiL,QmRNmrRPAr7x2RnF7dgTVR2FtqonmEjQczqQJV3gyBNE66
111,1,Zä-thrathe,Endless Sea of Cogitation,"One of the greatest entities in existence. Her thoughts can cause entire worlds to erupt in turmoil and madness, and large ships have been known to disappear into her mind.",./final-sprites/illiteracy-leaker-nucleotide-depression-ecclesia-eyelashes_norm_m1_OPT.gif,QmdXnoRMSM8x2Rfjqthk6z5c8rTS4goY68aEAzfAGPrxwN,QmX47qC7tvzT99oMqNizEfcDVHqKDxb4aKPuqmMA2uw3bS,QmWFf3atwrjf4Vxe3HQWcZUrdJjDBK42re9nHsuAEFjxur
112,1,Ynghügh,The Garden of Love,"Resembling a giant flesh blossom, Ynghügh entices explorers off of the well-traveled path with its pollen, before disemboweling them with a bud at its center.",./final-sprites/judo-monk-corporal-line-coke-mist_norm_m1_OPT.gif,QmPii8SopVg8qyMR7NnNGM5EAKucbg121iuX9codfp1NuF,QmPnGVqvTX5Kw1M6wfeKEE4MNsUNPJt9NNoPgPbN2XrNGh,QmUs6dpcdycKaGyLrVw94VA6uy971exzeDhPGzSohLhhEW
113,1,Shyllä,Holder of Flayed Skin,"A gigantic black being with eyes on its torso and a tentacled mouth. She is said to be an avatar of Cchzhshuai, and to dwell in deep space, where she is able to alter reality.",./final-sprites/jumpsuit-screwdriver-reach-consensus-speakerphone-knuckle_clip_m1_OPT.gif,QmcA42gpwbWzzz4AKvS1SG8GTTkaVdiQE2tCUGXHQpyBfW,QmYKoeF3HogNxkzcFQKKwTEs2iyzk4roDZFckMNpvDYKCu,QmdTPZ63hY6t5jZ8nR8w36nfk3cwkGJHkP9WEHEJBWM7nr
114,1,Z’höga,The Fleet One,"A golden, glowing being who is said to move faster than thought. He is said to have been trapped within the confines of a snowflake by an ancient god when he attempted to resurrect Hthüthnthughogtha. Said to be free in the dreams of men.",./final-sprites/keyboard-pate-habit-colt-tear-kayak_clip_m1_OPT.gif,QmdsxLjrfEtTLgCDQJLg8CqDUkB9ivE4z3GGkoXb62GcuV,QmXKSVk35SMYcxjPJwfAihgSqDbvjYZACM8sxfoNGckYVi,QmP9rcc58rEDXq1XmFSAbujgvEcpbpQAC4xcCAfvQyDBZL
115,1,C’zhur-Gh’ull-Lhaa,"The Ebon Sky, The Black Pit","A gigantic black pit which resides within the Gulf of Rhot. It possesses hordes of servants such as the Denizens of Rhot, and is said to be a servant of Cptzchshuai.",./final-sprites/kilt-winter-actress-time-mineshaft-clay_clip_m1_OPT.gif,QmezcpHisvnLbSGhxffmriF6MEvGoboLofetj4qqNMyVQw,QmNwsMky2n5vhTS31mwHRGU1pyZGm29UwvTVK3FnNeWQqF,QmUEg5vfRNEpshuB8B3ntzprkoMfC7irDyYY6PCzWPycRk
116,1,Bwgenlun,Giant of Shadow,"A colossal being of shadow with several human-like faces growing out of what seems to be its stomach, and one huge face on the back of its head. It is said to have 'bloomed forth from the Black Moon' and to have shattered the moon into lumps of black glass.",./final-sprites/lanai-submarine-claw-center-degree-dining_clip_m1_OPT.gif,QmcbXfx2efmt6RKVQu9QwtFymGzjLs1sDR7Qvtqugy8QrQ,QmUJrEvu1Lq3fJtqtWvUmBLWNG4iqZW49JJyA4EX8LUUUX,QmRxWdv4Rv1DEE6iXqzMyzPWyJcqFk3QV5JvxHmWtuZfyt
117,1,Cach-lzshuai,"Eater of Gods, The Soul-Devourer","A colossal, formless, faceless being which exists solely to consume souls, and to destroy whatever does not submit to the will of its master. It is said to have come into being from the sorrow of the gods when they were driven from the mortal world.",./final-sprites/layer-short-intellect-community-pew-yam_clip_m1_OPT.gif,QmW1aDHT6r2ANexZdhCZMCrMpxNSQfjRsRuQMKcHvZaBf5,QmZpe5EqeqCGn1E8ezd7eSCeLZsjzbSs72oWS4TKwKrapf,QmVF3PeyZid8Nd2ikc9avfKiKHfDwAY9VKfc4MLoh4omVc
118,1,Tlaltecuhtli,"He Who Feasts on Flesh, He Who Has Always Been","A hideous, shapeless mass of darkness and decay which is said to be responsible for devouring all life on earth. It is described as the physical form of the Black Sun. It is said to be the progenitor of all evil in the world, and may have been created by Cach-lzshuai.",./final-sprites/security-shallot-botany-cyst-counselor-exposition_norm_m7_OPT.gif,QmXsKqA1199em8YZfPFQEruEkuyAAyqSdFSzqgCJLbQW9p,QmPMHZCQi8m5zXQxa9md49oKUfbQJxhXQENUZpYUBbqPp6,Qmd1Hsmvzqq2QmZpsxegMdpo9BqBHxU45KHA5VRKp8gVxR
119,1,Scoria,The Drowning,"A giant squid-like creature of living rock and sand, with multiple tentacles ending in mouths adorned with rows of jagged teeth, and two large eyes. It leads the Denizens of Rhot against humans during the day.",./final-sprites/lesson-scarecrow-psychoanalyst-crime-sidestream-pleat_clip_m0_OPT.gif,QmevVXa3LUwxdTXgURonPterQhNq39EP1dyFXnkcxDgoT8,QmfNQqXsxMuxFmhYJFTA5VnJ4RA7uuUxGb29Du34jv3rak,QmdYBT73afBVfo5mk9RbKLnhB5DUxP5hGRT9y3853TMmiB
120,1,Ub-mi,The Dragon that Cries in the Night,"A colossal black dragon with white eyes and large tail, said to be able to swallow the sun in one gulp. Its wings cover half of the sky, no matter how far one is from it.",./final-sprites/luggage-function-happiness-shawl-application-toe_norm_m1_OPT.gif,QmYBMeKBTU5u1Ao3RtNVhMWc6wB5rspWFxLtPa44GigKfP,QmNojJWshViuhFj1j3fYoEDhdFQ6ue784htgF1N8m1e6LT,QmRGPKSxxjhsYch8nEgvPuRWdVdk4psdRfFT8uzqHFZirc
121,1,Chxchznghur,Elder God of Ruin,"An ancient god of death, war and decay. It has dark blue eyes, and its body is a rotting corpse wearing armor and a helm. The rest of its body is a writhing, worm-like mass of rotten flesh, bones and viscera.",./final-sprites/makeup-rim-peasant-aglet-blackbird-prostrate_clip_m1_OPT.gif,QmenRQfrt6XLDJENGQRsir1KtbiSQX7Anc2UPt3kLAeFr1,QmVfQx1ZtYoXVhoDEtAaxGcUvAfjNvPHmzUuj2b8CT64DH,QmNuBiQ9QtY8YjapFDx65umQWzqrAacGq63fV3pY49Gw1F
122,1,Iltüa,Blinded Daughter of Chaos,"A red equestrian figure with a headless torso and four arms, with white eyes, one of them blind. She is a servant of Zaphthrot, the Devourer of Worlds.",./final-sprites/mapping-sector-peer-rheumatism-schema-leveret_clip_m1_OPT.gif,QmQdcVTP5r3Cr6QNWFScQUhoRhmuvrcmPCk8r7d9aBsuD3,QmNsSeBbivjvh8kMywecjSSkctFrpwxDmotxfhVmhDS4Qx,QmVWhKRo4wTGgtSstK8iJM29NeZswrj5zbhDfk1ETQKvTp
123,1,Umti,The Flowing Force,"A mortal god of Einjerih, said to be able to turn anything into a liquid. She is represented by a gigantic, amorphous blob of an unknown substance.",./final-sprites/mask-eraser-arch-shampoo-lap-deal_clip_m1_OPT.gif,QmSwTt9gXfrgQPqLYxcfPw4SZY1BV8WJSjh1eG9rbCvAjd,Qmd8gPPkcEizr3R8TH5zJsoBB3bZZWqQWpeRUDyQHwA5e4,QmPXveMMfqcqVn5KQUjqW4iVFy2Q7nn2tDyaaUDjFX5o4Z
124,1,Barraggg,Black Beast of the Green Star,"A black, shadowy, furred monstrosity with glowing green eyes. It is said to be one of the oldest entities in existence. It is also said to possess a human boy named Bellin, who has been researching it for years. It is called 'Black Beast' because it appears at the hour when the star of Zhar and Lloigor rises in the sky. When it appeared at Xavala, it turned the city into a bloody slaughterhouse, and nearly destroyed it completely.",./final-sprites/anime-guitar-stranger-peasant-shadow-duty_norm_m1_OPT.gif,QmQ5dQTkwVTbm39Jmz4DpPthnAXYjsaLPr35tFX9vgXT8A,QmZfkJyCdXeZcRc1QHSwN8thCcu9BjxoYyGoAdFg5pbxds,QmfPryhn1bGoGrBtFSeV4Nwtc7J12aW3ek6jhcPqrFK7yL
125,1,Her'foi,The Endless,"An ancient, malevolent, and nameless goddess who seeks to destroy the world. She manifested at the end of the last world-ending cataclysm, and battles C'zshuai for control of the universe.",./final-sprites/nucleotidase-acknowledgment-cranky-delay-spatula-neck_clip_m0_OPT.gif,QmWHp4TDJADhJEggb8DNYvf72TJgcgcmfDAXHnrx1joi2a,QmfMjdovBJUSf4wSuHRgwkfa1gbtDfxseZerzmjGLVtqhi,QmbgnhXWDMzqMuGWKzHsavTBZQsZ4HX43tgaXYRkct8Bza
126,1,Crethagu,The Bringer of Fugitives,"A hulking, pale, gelatinous monster that drifts through space. Its entire body is covered in writhing rings of luminescent worms, and it is haunted by a ghostly woman’s voice saying ""Come lie with me."" When it touches a planet, it will enslave its inhabitants and force them to create weapons for the Great Old Ones.",./final-sprites/a_mon_3_clip_m1_OPT.gif,QmdGqpuyydMbifSRfCKyVQqrdSF1BtbxkfZWa8Zxz5HFzB,QmUjYY9JXDY4c4Et4TUKVMoRQ6YTA6jEpcCGLyLVLZjCgg,Qmb8SzB6XyfWteupypzuT6mdBNEDJonkGCPqtMCoecmg4s
127,1,H’nag-gh’a,Guardian of the Gates of the Deep,"A gigantic, humanoid monster, known as the Guardian of the Gates of Gh’nag’th. Often described as a servant of Cptzchshuai, to whom many sailors owe their lives. One of the few benevolent entities in the Unnamed Lands.",./final-sprites/a_mon_4_clip_m1_OPT.gif,QmYXEXCtG2R61fG5nCpY7Z8Zw69EtHEoSvLy7ksfgdSVTz,QmPRASm5U5Tt77DHcdwQft6PgH3NRebsDHNwk1dAFstMzY,QmZKvTZeizat6pEMTmRVU8em6eNLRVwd2TUE7XsN21qcSZ
128,1,Xálagor,The Conjurer of Obscurity,"A gigantic, slug-like creature with a human face and ten toes on each foot. It was once a god of Varae, but it was killed and its body was split into two halves, and one half became darkness, while the other became light. It renewed its chtonic power in the Gulf of Rhot.",./final-sprites/a_mon_5_clip_m1_OPT.gif,QmPB82P3J1KJrLnkq4hsnyRTTCNafGuRmyr3sMq5vjE2Xu,QmNfLjggwDitXQhsiX9jgR8kruD6b6gmF8waFiNCDKz4Cq,QmPoo2iHHUS4ThJ2zTsp3Kh4pWkYHoz5SSskAwLeeAZjG7
129,1,Ekkh'ethsh,Phoenix of the Sea,"A mysterious being which resides in the fires of the Gulf of Rhot, that allegedly devours everything it touches and is said to be the cause of the gulf's perpetual conflagration. It is also said to have existed before the Dawn of Time.",./final-sprites/a_mon_6_clip_m1_OPT.gif,QmTNQAuaQN7VZHTyToEnnx64SE8AQkPMuLgYtrkqbZQBeG,Qmdr6BsVvMsj7y2wtXGsjJY9dBiDUaYkXeH6rqCD931ZCk,QmSFbyHh4woYQo1u8WNitunN6LJDWRVkKcDLntwNRauHtR
130,1,Kirxa,Conglomeration of Chaos,"Said to be the embodiment of what should not be, a huge amorphously shaped entity forged of elements that should never exist. It is said to concern itself with the discorporation of souls.",./final-sprites/a_mon_7_clip_m1_OPT.gif,QmS63LPqUpaEvfAf55qhzfSnZTVGKaW5gW5TLXjGEFcEm4,QmTSZkPtYXzvWtCb5RBaByPV1y4jdZ11kS8q32zQxfS6FV,QmPUBSvZ7L1SeTeMv4CbXwBA7Rdxw9ZDZbQi1jnbmv1VDB
131,1,Arachidna,The Coil of Eight,"A colossal worm with eight heads, each one with a different headdress and nightmare-inducing visage. It is currently bound within the City of Knives, and those who can sense its presence say it is growing restless and eager to escape.",./final-sprites/a_mon_8_clip_m1_OPT.gif,QmPxNReJ8QTFGdUs5Hg98m8rUxf3qzBUpBZJhkDCkGLVT7,QmQq9hEUUzKDuWbtmESWTYTFi5LHSfBBmu2zsEVpjPAR64,QmbqLHyeTJcfb1rFQ6CqYrhjMdL7Qq6n1eJFj1P8nzUukZ
132,1,Btlaghu,"The Father of Butchers, The Butcher of Fathers","A large, whip-wielding monster with a skeletal body and a black-masked head. A former servant of Dluthos, who was cast out of the sky for atrocities committed against the other Gods. It is said to have butchered every living thing on Earth at least once, and is seen as an old enemy of the Q’ero.",./final-sprites/b_mon_0_clip_m1_OPT.gif,QmXv79Tz1Kwt4knByTcsFLpLJQNGuXsrJAn5RMgUszT7wx,QmbXCqNkxUjYmrFNJ4xP3rjc74ciogc2cgzZPdu1FQQ9oC,QmauxiqwFBv1Jizeio3uYWUmubVdShNmGPuuHXkEKMBosF
133,2,Abraxas,Giver of Unending Life,"A deity said to be awoken by the people of the Q’ero in the current age. She possesses control over the realms of life, death, space, and time, and is regarded as the mother of all the gods. She is also the Demiurge, creator of our world, who used eight forces including light and sound to create this reality.",./final-sprites/b_mon_1_clip_m1_OPT.gif,QmZnFs62ZfnLmkh7PJgZ43UtD4z58iNgvhxg4afRqBy2Lk,QmP21UhLaW4wWsGACtHxKFoXC5GduimXaWAQs8SDtCUDfk,QmU3ZaVcX4XKMbT7AW77nSS1ezHsZP9RKQKWM4mvA5aYiB
134,2,Vzoth,The Mindless One,"A humanoid entity which currently exists purely as a mindless entity, existing as an amalgamation of matter and magic. It is in a state of permanent slumber, but when awoken it is an extremely powerful being which can twist and reshape reality and also absorb the memories and thoughts of others.",./final-sprites/b_mon_2_clip_m1_OPT.gif,QmU3mfKPfosRTNLsEK4qy6jyAaP1PHptij8BpSNwMudzhe,QmcxfWqqGW2dKi1KqqSnTKq2KAL7t2S5nwGMYft1pTNCwU,QmZPwsffRsMMybbZymybrMSMja9RKvSc4WGBK5ZX9gQCfR
135,2,Tazathoth,Cloven-hoofed Father of the Gorged Beasts,"A shadowy, goat-headed figure of enormous size. Appears as a kind of cosmic parasite which engorges and devours entire universes. If he should ever leave the realm of the Elder Gods, it is said that all life will cease to exist.",./final-sprites/b_mon_5_clip_m1_OPT.gif,QmNYFWnwLDHcSgJTAvLV8LLsafwEz9sWSC6rJxkKx6RuYd,QmaD1rNe1uusAaHi5ptqSsnrYewHkgGigxmgRTcXhpPkiD,Qmeb4gtJYc9oyVLrexPpsFZAgHi6qxjHXrSSdMWy83Jrci
136,2,T’nkthu,The Phantasm of the Unseen,"A god-like entity, said to be inexorably drawn to the sound of laughter. It was said to have been buried underneath the ice at the South Pole before the coming of the Flametopians.",./final-sprites/b_mon_9_clip_m1_OPT.gif,QmekzijKL3gKg7A1kDBgQFVoZXXx39Hg9pnHmfkCGMxr2Q,QmZ3tNnLoubHWP5u5TPrAtvh5viv28i4FZeFxz2qYT1z71,QmYxJCBQXhbLmMjAgN6aMGdCpC1b6qFMKGYrFqpK3Ykf5G
137,2,Rastail,"The Wailing Rider, The Hound of the Shadowed Hills","A large, four-armed humanoid who rides a horse and carries a whip and a banner. He serves as an agent of the Leviathan of the Deep and a double agent for the Black Beast of the Green Star, and is often seen riding in the skies at night.",./final-sprites/b_mon_13_clip_m1_OPT.gif,QmXZj1m5Dr1VA4h92xaS9Mzsx5BzJ7GgbSvjTrQxfEbrv9,QmaUYupee8io9KyFkj1WybU288KERGgdtAcFNhc7oarGVe,QmWesteb4THutRehqgLWFff3wZ5twjEPqpQSRwPD3FqhgB
138,2,Mla'grgh,The Gaunt One,"A shadowy figure, said to be a malevolent entity which dwells in the caverns of Yankuk, and which was once worshiped by the ancient Q’ero. It is said that his calling card is immense, black hoof-like fingerprints which appear after the rain in Yankuk.",./final-sprites/b_mon_14_clip_m1_OPT.gif,QmQ9ePayxkqmxYjBz9WhgPMJuGHC79qL6dn9SWhgc9FFhP,QmaeD5SGcepS5nVAXnswkVfSc5dD4wsUqsSw4TGTPVAY28,QmTRoTek6g5StpeWk1ZKMVu3CC4Gxe9feUbUbGDzxfVcHf
139,2,Yathnä,The Porcelain Titan,A colossal white figure with two mighty wings. Speaks in a rasping voice. She appears every 150 years to lift up whole cities into the air before she crushes them and devours any survivors.,./final-sprites/b_mon_15_clip_m1_OPT.gif,Qmf3wouwLpqtoVn6M2EcTKHgFLwgS43gico6bMPWwh9cmP,Qmc6QPs3te6Gcxguob7HmRgS1RB2HTgxRr5nBBJFoh25mb,QmS14DvGhiHAcARMKVZxrWVyTK7wEDxPQNYURmszEBNFba
140,2,A'naopf,The False Guardian,"A massive, shambling mound of fur with two pairs of enormous jaws and a single giant eye. Said to be a servant of Cptzchshuai, and to lure people into the Gulf of Rhot with promises of power and wealth.",./final-sprites/b_mon_18_clip_m1_OPT.gif,QmYCbmKwJqUEM9QxECuKGWqdheepKUFtKbRA2zfy3HF8At,QmSAcaexxRpeKEkPJ2QSUyPChdkMRGvhyFjnrqPY7Sbvzv,QmaXy28r36nNDrSa84UQ5tgUfD6Kk4YAj5DA2pGNcEUXgw
141,2,Zaa'fil,Herald of the Black Sun,"A creature composed entirely of shadows. It is said that it always knows of the death of a sentient, and that it carries word of this back to the Black Sun. It will not stop until it has seen the event in person, and helped to shape it. Huacas written, ""He who speaks its name reveals himself.""",./final-sprites/b_mon_20_clip_m1_OPT.gif,QmQMH71RUWM6PuaVxz94Dz7gaxsTTLbckXTfcEV4Jq22xf,QmTw8cno6VqirPtpBzsVc3L3HwmnVMt1FmRv8TtiMSLrbW,QmRnKxwdF5BXpL5tDsouTYU76i1mEujNaA5qHHRzHzSF9G
142,2,Che'ng-Ch'e,The Benevolent Ruler,"A small, nebulous, floating humanoid with a face like glowing green jelly. It is said to be the progenitor of reality that came before Muksiannak.",./final-sprites/b_mon_24_clip_m1_OPT.gif,QmRdSLdAwb85HWVzHoUm4VsugUmmzxGDSKb7CBh4cLRwRH,Qmerrsy1frc7YSH9WmJbjqmz8iWDuJJ4gs8nfH6eg3cFtq,QmdLExmoY8hvinmBMiHCbXh25yM3dXdiSc5ks4uC6a5bFQ
143,2,Qüchü,"The Divine Schemer, The Inheritor of Tomorrow","A strange, pensive creature that lives in a pool of red water in the depths of a vast, volcanic cavern. An ancient entity with a mysterious, unknown relationship to Ayth-Mee. It bides its time for its plans to come to fruition.",./final-sprites/b_mon_27_clip_m1_OPT.gif,QmWBuF78WSBw39EwSoMCghiafphBNhGFJu3iNM87BwvDNV,Qmb3kypnwY1rHzpGaqU56BqrzYzSuLoYKKfypBVdpSY6vd,QmUHSqfPWsSRE344ns7FYZuXByq6N4Q52GP8HavzNwaam2
144,2,Olódur,Sending of Six,"A planet-sized entity who changes the laws of physics, and as such, also reality, to suit its whims. Even the lightest shift in its temperament will shift dimensions.",./final-sprites/b_mon_28_clip_m1_OPT.gif,QmeUJ3QdqixYUr5YRBXi1hMK9HYxBZeFa1aou4DeTWSbxG,QmPkpHPtVCUaU5dycTtDm3MoR4geKLQCkWVo3v73Wyhjbg,QmRRoGvSUj463uefyAzZiPaoXTAAs45JqFLumnXV8G4JZe
145,0,Özymiann,Atlas of the Eighth Continent,"The fabled Eighth Continent rests on their back. They are said to carry the soul of a nascent world on a perilous journey. Özymiann is one of the few Old Ones that can be sensed from the Material Plane due to its immense life energy. A passing notice can cure minor ailments, but a long meditation on its existence may induce terramorphesis.",final-sprites/rhl_mon_5_OPT.gif,QmTK7xuvRbntTSUGJKpb4nP9kAxd4bpVYFqCgsQ6kqQE9x,QmTZb3p9oUaraWZ7XdxJPWZPvE7asVS64Y2RZ7mnpz5Nhu,QmTWpnmb7pJQfdP9t1WMUBchGjFKeSUdF7Fu923G5g8FjH
146,0,Westallmudoe,The Lone Observer Where Corners Meet,"Shrouded in a cloak of stars, Westallmudoe watches the rest of the worlds in her own geometric space. Her manifold covers every living thing in a fine mesh, allowing her to sense the coming and goings of others. Twice in the past she has stepped in to avert catastrophe, but each time, the world loses an Integral Facet.",final-sprites/rhl_mon_6_OPT.gif,QmT6AkZiBs1BPWspfYTiXdSkHXeSrGRM9B4pK29YL218NR,QmSbTrppWXgm23Q74moNzm37C96wRDQPFeTLd1igf8azPH,QmUppy9ba7DATFdFszgoMDwFQdXJ4qbxEgAvsi3reA1iAq
147,0,El'mh,Scion of the Shifting Sands,"A gigantic monstrosity whose very tips are sensed as immense pyramids. The true body of El'mh is said to be locked deep under the ground. It appears to be a fan of constrictive order, and it prefers mortals to pay it respects through large monuments. A long standing tale tells of a deep grudge between El'mh and Wökr; Huacas describes it as 'essential'.",final-sprites/rhl_mon_1_OPT.gif,QmQNLdvLMfA4fkc8kXtwVtJZDYrUaCcNWHSMxoxzYzRAW8,QmeugkM1sYFz3qiEkfiydVGYb2shuH43tHGGR1K8WZDe4t,QmWoewhE1kWrC1nmG7AxqcZyfCJitJL9YJBmzPhwdLuTkV
148,0,Naaaaxs,It That Submerges,"Dwelling in the depths of the unconscious mind, Naaaaxs is a primordial memetic predator. He spreads through the persistence of dualistic ontologies. The Absolving Church has made it their goal to eradicate this potent force, but their efforts to suppress knowledge on Naaaaxs only bolster his reach. Unsuspecting victims are pulled directly into their own id, which consumes them.",final-sprites/rhl_mon_3_OPT.gif,QmRYBMzG7L35iAAxdP67NqBy47JJmSHt7o9StxMVzgV8nP,QmSEeF9h8PQPPihsmKtmScKvkfRx96urp8QurdqiTCx2bo,Qmaj1cEuZVHMGT6XsXGuWNFSkdPhTbuTU5QvXHZ5YrbS4g
149,1,Lu-Ngolä,Living God of the Mountain,"A gigantic, hulking thing of living stone and sand. It dwells in a cave at the top of a mountain in the heart of the desert, and is worshiped by an ancient and mysterious cult. The Voice of Lu-Ngolä speaks to its chosen with direct brain-to-brain contact via the eyes.",./final-sprites/tank-documentation-union-waist-special-causal_norm_m6_OPT.gif,QmSRcxPZcbT6yVU12EXF9yvZksi2no7GdiLGKiVUMocysh,QmbNwNrjC49TbjP9DHrBDd464FPTkgXiMcwQeFdTJf8rhi,QmVYPdYneDJG1NwQ9JKZTP72SZyFxFjjKKNpZRxgh6e3Xw
